[{"id":"user-image-Fame_Happy.png","fileName":"Fame_Happy.png","name":"Fame_Happy","publicUrl":"https://assets.nicepagecdn.com/ba831c94/4208857/images/Fame_Happy.png","size":128203,"hash":"rQvRiowEeweYyklHhxtcNTzrmbE=","width":768,"height":768,"thumbnail":{"url":"https://assets.nicepagecdn.com/ba831c94/4208857/images/thumbnails/Fame_Happy.png","width":150,"height":150},"usages":[]},{"id":"user-image-Untitled-12133x.png","fileName":"Untitled-12133x.png","name":"Untitled-12133x","publicUrl":"https://assets.nicepagecdn.com/ba831c94/4208857/images/Untitled-12133x.png","size":1395953,"hash":"RmxEMCnv1rg20cU8UJcUs7rzCbA=","width":1920,"height":1222,"thumbnail":{"url":"https://assets.nicepagecdn.com/ba831c94/4208857/images/thumbnails/Untitled-12133x.png","width":150,"height":95},"usages":["4208943"]},{"id":"user-image-I7tH4t.png","fileName":"I7tH4t.png","name":"I7tH4t","publicUrl":"https://assets.nicepagecdn.com/ba831c94/4208857/images/I7tH4t.png","size":33479,"hash":"aRcn3BH3JCBLZWP15jZFK+zQQkY=","width":315,"height":250,"thumbnail":{"url":"https://assets.nicepagecdn.com/ba831c94/4208857/images/thumbnails/I7tH4t.png","width":150,"height":119},"usages":["4208973"]}]